Date,Symbol,Series,Prev Close,Open,High,Low,Last,Close,VWAP,Volume,Turnover,Trades,Deliverable Volume,%Deliverble
2017-02-02,RELIANCE,EQ,1049.65,1050.0,1050.8,1038.25,1045.55,1043.5,1042.22,2079908,216772958200000.0,64859,1469840,0.7067
2017-02-03,RELIANCE,EQ,1043.5,1046.0,1050.45,1030.1,1033.45,1033.65,1038.23,3021751,313728604385000.0,48459,2477077,0.8197
2017-02-06,RELIANCE,EQ,1033.65,1037.0,1044.9,1032.05,1040.7,1041.65,1038.21,2283982,237125582644999.97,60273,1512364,0.6622
2017-02-07,RELIANCE,EQ,1041.65,1042.0,1042.35,1027.2,1031.95,1030.9,1031.93,2264245,233653792200000.0,67846,1351517,0.5969
2017-02-08,RELIANCE,EQ,1030.9,1030.9,1038.25,1022.0,1022.7,1025.15,1027.7,3710094,381287488540000.0,96353,2786342,0.751
2017-02-09,RELIANCE,EQ,1025.15,1028.0,1034.0,1026.8,1032.45,1032.75,1030.58,2254216,232315936544999.97,97836,1637861,0.7266
2017-02-10,RELIANCE,EQ,1032.75,1035.0,1035.55,1025.55,1030.0,1030.15,1030.89,2861531,294992251535000.0,81923,2366578,0.8270000000000001
2017-02-13,RELIANCE,EQ,1030.15,1033.0,1034.0,1022.0,1030.0,1029.85,1026.56,1957988,200998398520000.0,53352,1315916,0.6720999999999999
2017-02-14,RELIANCE,EQ,1029.85,1035.0,1052.9,1029.9,1048.1,1049.8,1047.4,4170414,436810826670000.0,108276,2878955,0.6903
2017-02-15,RELIANCE,EQ,1049.8,1052.9,1057.5,1045.25,1050.35,1051.3,1052.94,3482845,366722007570000.0,73263,2400194,0.6890999999999999
2017-02-16,RELIANCE,EQ,1051.3,1052.55,1069.45,1052.55,1065.95,1067.5,1062.56,4492847,477392384114999.94,54707,2936392,0.6536
2017-02-17,RELIANCE,EQ,1067.5,1066.5,1078.2,1058.45,1070.7,1075.5,1070.57,3393856,363336703825000.0,72587,2370822,0.6986
2017-02-20,RELIANCE,EQ,1075.5,1070.55,1078.85,1066.5,1075.0,1075.4,1074.6,2663127,286180684325000.0,46942,1784092,0.6698999999999999
2017-02-21,RELIANCE,EQ,1075.4,1075.2,1090.95,1073.05,1088.1,1088.2,1084.82,3242790,351785337360000.0,78020,1715528,0.529
2017-02-22,RELIANCE,EQ,1088.2,1093.0,1211.65,1092.0,1209.8,1207.5,1177.82,29103926,3427918422525000.0,529232,10949059,0.3762
2017-02-23,RELIANCE,EQ,1207.5,1213.6,1222.0,1179.35,1186.8,1182.75,1196.34,14229234,1702300470095000.0,325600,6195579,0.4354
2017-02-27,RELIANCE,EQ,1182.75,1190.5,1256.8,1190.35,1237.55,1238.9,1241.99,19068911,2368341651350000.0,248086,8149162,0.4274
2017-02-28,RELIANCE,EQ,1238.9,1232.0,1248.0,1228.5,1237.65,1238.05,1240.68,8254531,1024122953945000.1,132662,4383833,0.5311
2017-03-01,RELIANCE,EQ,1238.05,1240.1,1244.4,1230.0,1231.55,1234.5,1238.28,5574153,690237607580000.0,86071,3829123,0.6869
2017-03-02,RELIANCE,EQ,1234.5,1237.9,1254.7,1227.05,1234.95,1236.75,1241.01,4129033,512416494985000.06,114912,2267277,0.5491
2017-03-03,RELIANCE,EQ,1236.75,1241.55,1287.8,1241.55,1258.6,1258.55,1269.09,19270851,2445642201825000.0,218969,8796175,0.45640000000000003
2017-03-06,RELIANCE,EQ,1258.55,1269.0,1312.0,1265.25,1308.0,1305.35,1298.39,15252154,1980319690645000.0,271304,7693280,0.5044
2017-03-07,RELIANCE,EQ,1305.35,1318.85,1327.0,1296.15,1306.35,1304.95,1309.21,9616850,1259051810820000.0,187234,4262649,0.44320000000000004
2017-03-08,RELIANCE,EQ,1304.95,1307.7,1307.7,1286.1,1288.15,1291.2,1294.73,9906103,1282571891795000.0,117724,5532704,0.5585
2017-03-09,RELIANCE,EQ,1291.2,1290.0,1298.0,1281.5,1285.4,1286.75,1287.46,7107670,915087464660000.0,91156,3491139,0.49119999999999997
2017-03-10,RELIANCE,EQ,1286.75,1290.25,1296.0,1261.2,1279.1,1281.65,1282.25,5665568,726467175990000.0,82236,2917379,0.5149
2017-03-14,RELIANCE,EQ,1281.65,1318.75,1319.0,1285.25,1288.25,1289.5,1299.08,6346620,824479450915000.0,148050,3687454,0.5810000000000001
2017-03-15,RELIANCE,EQ,1289.5,1291.05,1316.3,1290.4,1302.0,1304.95,1306.9,5510658,720186348550000.0,118169,3101824,0.5629
2017-03-16,RELIANCE,EQ,1304.95,1310.0,1310.4,1293.6,1296.8,1297.65,1300.24,3639964,473282240420000.0,101204,2180552,0.5991
2017-03-17,RELIANCE,EQ,1297.65,1308.0,1319.95,1298.05,1300.55,1300.7,1302.8,5195076,676812419520000.0,103713,3520073,0.6776000000000001
2017-03-20,RELIANCE,EQ,1300.7,1306.0,1306.25,1278.35,1280.95,1280.8,1287.84,2941714,378845642610000.0,85225,2067131,0.7027
2017-03-21,RELIANCE,EQ,1280.8,1282.2,1283.9,1259.3,1265.2,1263.8,1270.21,5165107,656078698585000.0,97439,3464341,0.6707
2017-03-22,RELIANCE,EQ,1263.8,1252.0,1265.9,1246.55,1260.45,1259.7,1257.09,4638338,583080037075000.0,123911,2456891,0.5297
2017-03-23,RELIANCE,EQ,1259.7,1263.15,1277.55,1258.0,1272.0,1273.3,1269.4,2699090,342622494745000.0,100190,1514419,0.5611
2017-03-24,RELIANCE,EQ,1273.3,1274.1,1292.0,1268.45,1284.0,1286.75,1282.43,3721911,477307855510000.06,122493,2349994,0.6314000000000001
2017-03-27,RELIANCE,EQ,1286.75,1271.1,1278.75,1247.2,1248.5,1251.1,1258.23,7418122,933373605240000.0,178024,4098344,0.5525
2017-03-28,RELIANCE,EQ,1251.1,1258.0,1264.0,1242.1,1246.3,1245.75,1249.71,4961934,620097665340000.0,100601,3029496,0.6104999999999999
2017-03-29,RELIANCE,EQ,1245.75,1251.7,1260.0,1233.35,1259.2,1256.65,1246.51,4325787,539212474285000.06,119423,2173596,0.5025000000000001
2017-03-30,RELIANCE,EQ,1256.65,1255.0,1274.75,1253.0,1267.6,1270.65,1267.91,6368859,807511174325000.0,113795,4612464,0.7242000000000001
2017-03-31,RELIANCE,EQ,1270.65,1266.0,1337.65,1266.0,1320.6,1320.9,1311.06,10375519,1360291763690000.0,209261,4371626,0.4213
2017-04-03,RELIANCE,EQ,1320.9,1342.0,1380.5,1337.05,1373.25,1374.65,1365.85,10260327,1401407097070000.0,167021,4815428,0.4693
2017-04-05,RELIANCE,EQ,1374.65,1395.2,1418.0,1380.1,1415.05,1415.0,1400.66,9217360,1291038648060000.0,188615,4343888,0.47130000000000005
2017-04-06,RELIANCE,EQ,1415.0,1409.0,1448.9,1402.2,1434.0,1438.5,1429.25,11571075,1653797535315000.0,193297,5364090,0.4636
2017-04-07,RELIANCE,EQ,1438.5,1421.3,1434.0,1402.55,1405.25,1406.6,1419.57,7286151,1034318845535000.0,172166,3594186,0.4933
2017-04-10,RELIANCE,EQ,1406.6,1410.0,1424.9,1377.3,1384.75,1381.35,1396.97,7033141,982509389600000.0,146691,3998689,0.5685
2017-04-11,RELIANCE,EQ,1381.35,1387.85,1400.45,1370.1,1375.7,1372.35,1382.9,7371727,1019438522125000.0,150329,4362093,0.5917
2017-04-12,RELIANCE,EQ,1372.35,1382.8,1386.45,1351.15,1355.0,1354.0,1363.72,6274215,855626424065000.0,162585,3238000,0.5161
2017-04-13,RELIANCE,EQ,1354.0,1354.0,1373.4,1347.35,1365.8,1364.8,1365.73,2906188,396907763035000.0,68868,1141564,0.39280000000000004
2017-04-17,RELIANCE,EQ,1364.8,1365.0,1395.55,1365.0,1391.45,1391.85,1380.35,2705854,373503909815000.0,56746,977288,0.36119999999999997
2017-04-18,RELIANCE,EQ,1391.85,1399.95,1410.0,1367.0,1369.0,1370.2,1393.47,3661083,510160121625000.0,88267,1142150,0.312
2017-04-19,RELIANCE,EQ,1370.2,1369.0,1382.55,1357.55,1369.95,1368.8,1368.72,2645292,362065541150000.0,80500,1199472,0.4534
2017-04-20,RELIANCE,EQ,1368.8,1379.0,1386.8,1364.1,1370.45,1369.55,1371.78,1918612,263191917240000.0,55149,736770,0.384
2017-04-21,RELIANCE,EQ,1369.55,1380.5,1421.0,1378.55,1405.0,1402.5,1404.5,6910277,970548212425000.0,137920,2371273,0.3432
2017-04-24,RELIANCE,EQ,1402.5,1409.05,1435.0,1400.2,1417.85,1417.4,1418.74,5831731,827369351800000.0,183083,2146777,0.36810000000000004
2017-04-25,RELIANCE,EQ,1417.4,1460.0,1467.75,1426.1,1431.0,1432.8,1442.9,8403704,1212571308800000.0,176682,3213592,0.3824
2017-04-26,RELIANCE,EQ,1432.8,1435.0,1440.05,1402.6,1416.5,1416.45,1421.45,3831775,544667130875000.0,108141,1977500,0.5161
2017-04-27,RELIANCE,EQ,1416.45,1417.0,1424.15,1402.2,1409.0,1409.5,1408.44,2873655,404737259875000.0,67915,1530304,0.5325
2017-04-28,RELIANCE,EQ,1409.5,1409.75,1420.3,1391.0,1394.25,1395.2,1403.8,2708404,380205452995000.0,65970,1109279,0.4096
2017-05-02,RELIANCE,EQ,1395.2,1402.0,1402.0,1366.3,1372.0,1370.55,1375.81,4249684,584676771415000.0,98491,2414317,0.5681
2017-05-03,RELIANCE,EQ,1370.55,1376.9,1380.75,1365.0,1370.2,1370.1,1371.36,2171549,297796540140000.0,51100,1091961,0.5028
2017-05-04,RELIANCE,EQ,1370.1,1375.0,1379.6,1354.05,1361.6,1357.95,1364.31,3283811,448013868420000.0,101401,1986534,0.6049
2017-05-05,RELIANCE,EQ,1357.95,1361.6,1367.35,1325.0,1328.4,1328.25,1343.7,3565543,479100638075000.0,81287,1874915,0.5258
2017-05-08,RELIANCE,EQ,1328.25,1330.0,1339.5,1318.35,1320.1,1321.4,1328.0,3672585,487718099164999.94,64261,2378259,0.6476000000000001
2017-05-09,RELIANCE,EQ,1321.4,1324.0,1333.65,1320.25,1330.0,1330.35,1329.47,4824511,641406277260000.0,73661,3697634,0.7664
2017-05-10,RELIANCE,EQ,1330.35,1334.8,1363.6,1330.65,1359.2,1359.1,1352.69,5235932,708260405040000.0,127713,2966210,0.5665
2017-05-11,RELIANCE,EQ,1359.1,1364.1,1369.75,1351.65,1357.0,1359.55,1361.0,3150756,428816698340000.0,81000,1801503,0.5718
2017-05-12,RELIANCE,EQ,1359.55,1360.05,1364.0,1344.05,1349.9,1350.45,1351.52,1719729,232424317694999.97,45354,884077,0.5141
2017-05-15,RELIANCE,EQ,1350.45,1356.4,1356.4,1333.5,1343.6,1344.1,1344.22,1540213,207037880320000.0,75812,802733,0.5212
2017-05-16,RELIANCE,EQ,1344.1,1346.05,1376.9,1341.0,1356.2,1356.3,1360.59,2892947,393612146360000.0,79767,1238129,0.428
2017-05-17,RELIANCE,EQ,1356.3,1353.0,1365.95,1347.75,1350.0,1353.1,1354.16,2250304,304726329420000.0,56277,1225837,0.5447
2017-05-18,RELIANCE,EQ,1353.1,1340.25,1350.0,1324.1,1327.45,1327.35,1336.14,2237916,299017774720000.0,84723,1339478,0.5985
2017-05-19,RELIANCE,EQ,1327.35,1333.0,1335.7,1310.0,1318.2,1318.85,1321.99,2928883,387193970145000.0,115988,1444387,0.4932
2017-05-22,RELIANCE,EQ,1318.85,1326.5,1333.6,1315.2,1326.0,1324.15,1322.82,2011859,266131829265000.0,89828,1123947,0.5587
2017-05-23,RELIANCE,EQ,1324.15,1325.7,1329.85,1302.0,1304.55,1305.55,1313.55,2108223,276924698680000.03,81667,1172410,0.5561
2017-05-24,RELIANCE,EQ,1305.55,1307.5,1313.7,1295.1,1299.0,1297.7,1302.71,3274804,426612216180000.0,78535,1782580,0.5443
2017-05-25,RELIANCE,EQ,1297.7,1300.0,1312.4,1296.45,1301.5,1302.45,1303.19,5925335,772184299045000.0,114553,4678965,0.7897
2017-05-26,RELIANCE,EQ,1302.45,1303.95,1344.4,1300.0,1339.0,1337.3,1320.18,4898639,646710296855000.0,111248,2843822,0.5805
2017-05-29,RELIANCE,EQ,1337.3,1337.0,1365.45,1335.6,1355.25,1356.9,1352.77,5491170,742826829670000.0,88604,2590759,0.4718
2017-05-30,RELIANCE,EQ,1356.9,1355.9,1364.7,1348.5,1360.0,1359.35,1357.25,2207727,299643167215000.0,71958,1133031,0.5132
2017-05-31,RELIANCE,EQ,1359.35,1367.0,1367.95,1335.8,1340.0,1340.7,1346.68,3754099,505555239180000.0,153444,2447584,0.652
2017-06-01,RELIANCE,EQ,1340.7,1332.7,1340.0,1323.0,1329.85,1328.25,1329.31,2179328,289699825200000.0,79314,1229535,0.5642
2017-06-02,RELIANCE,EQ,1328.25,1335.0,1338.7,1317.0,1322.9,1324.75,1326.29,2627565,348490865755000.0,92530,1625375,0.6186
2017-06-05,RELIANCE,EQ,1324.75,1326.25,1341.0,1315.85,1330.0,1329.35,1328.64,2476706,329066270145000.0,77234,1452622,0.5865
2017-06-06,RELIANCE,EQ,1329.35,1333.95,1333.95,1311.0,1312.5,1312.8,1320.16,2192356,289427005480000.0,61140,1301049,0.5934
2017-06-07,RELIANCE,EQ,1312.8,1311.2,1342.0,1309.0,1339.0,1339.0,1328.04,2559954,339971861000000.0,102403,1465014,0.5723
2017-06-08,RELIANCE,EQ,1339.0,1340.0,1344.8,1328.05,1333.9,1331.7,1332.33,1806521,240688191494999.97,61841,1063436,0.5887
2017-06-09,RELIANCE,EQ,1331.7,1345.1,1352.95,1331.0,1332.95,1335.7,1340.93,3162802,424108871910000.0,78984,1333930,0.4218
2017-06-12,RELIANCE,EQ,1335.7,1326.55,1329.75,1317.0,1319.0,1319.45,1321.07,1927513,254637248694999.97,44210,1194367,0.6196
2017-06-13,RELIANCE,EQ,1319.45,1320.6,1327.0,1311.0,1312.0,1314.35,1318.87,1377291,181646734070000.0,63864,679324,0.4932
2017-06-14,RELIANCE,EQ,1314.35,1315.9,1360.0,1315.9,1360.0,1357.5,1348.06,12101027,1631296349505000.0,139964,7232727,0.5977
2017-06-15,RELIANCE,EQ,1357.5,1360.0,1395.0,1359.1,1377.35,1383.95,1379.51,6466804,892102774465000.0,122808,2913028,0.45049999999999996
2017-06-16,RELIANCE,EQ,1383.95,1389.1,1395.8,1369.3,1387.1,1388.8,1384.77,7477157,1035416679960000.0,126947,3372282,0.451
2017-06-19,RELIANCE,EQ,1388.8,1390.2,1415.8,1390.2,1407.0,1409.25,1409.38,3482912,490875546005000.0,97727,1288969,0.3701
2017-06-20,RELIANCE,EQ,1409.25,1409.0,1422.1,1407.45,1411.05,1412.35,1414.55,2318399,327948404300000.0,54658,1142097,0.4926
2017-06-21,RELIANCE,EQ,1412.35,1407.8,1428.0,1404.25,1427.75,1422.0,1418.57,4569943,648276462840000.0,72533,2979165,0.6519
2017-06-22,RELIANCE,EQ,1422.0,1429.45,1445.4,1427.7,1434.8,1432.65,1438.13,5055942,727110290530000.0,67464,2293076,0.4535
2017-06-23,RELIANCE,EQ,1432.65,1436.0,1442.0,1430.6,1432.1,1435.85,1437.72,7118832,1023486286660000.0,84739,4671640,0.6562
2017-06-27,RELIANCE,EQ,1435.85,1432.0,1443.0,1425.0,1439.05,1437.15,1433.65,7449878,1068053418635000.0,95862,4517542,0.6064
2017-06-28,RELIANCE,EQ,1437.15,1439.95,1439.95,1395.55,1399.8,1398.5,1408.58,3558538,501249743980000.0,96283,1761401,0.495
2017-06-29,RELIANCE,EQ,1398.5,1400.0,1410.0,1390.1,1392.35,1392.7,1397.72,2948322,412092881930000.0,73181,1023958,0.3473
2017-06-30,RELIANCE,EQ,1392.7,1392.0,1392.4,1375.05,1383.0,1380.0,1381.68,1786211,246796490075000.0,57115,797965,0.44670000000000004
2017-07-03,RELIANCE,EQ,1380.0,1388.2,1394.7,1371.0,1384.0,1381.05,1381.94,2101886,290467417510000.0,58487,909257,0.4326
2017-07-04,RELIANCE,EQ,1381.05,1390.0,1427.1,1389.0,1422.0,1421.95,1411.47,4301200,607100232655000.0,79094,1269909,0.2952
2017-07-05,RELIANCE,EQ,1421.95,1429.45,1447.45,1424.0,1440.05,1442.65,1440.65,6219522,896015633810000.0,67692,2253529,0.36229999999999996
2017-07-06,RELIANCE,EQ,1442.65,1448.7,1450.0,1438.0,1442.0,1442.55,1444.2,3106517,448643697650000.0,51171,1446377,0.4656
2017-07-07,RELIANCE,EQ,1442.55,1443.0,1497.75,1440.0,1489.5,1491.15,1467.56,8193635,1202467296680000.0,118579,2850308,0.3479
2017-07-10,RELIANCE,EQ,1491.15,1530.0,1550.0,1489.1,1491.0,1492.85,1495.16,815433,121920657570000.0,9771,524406,0.6431
2017-07-11,RELIANCE,EQ,1492.85,1501.0,1504.4,1487.0,1496.5,1494.35,1495.08,4799229,717521564725000.0,58533,2178682,0.454
2017-07-12,RELIANCE,EQ,1494.35,1499.4,1525.0,1497.5,1511.25,1511.1,1512.3,3909797,591278961460000.0,130937,1618467,0.414
2017-07-13,RELIANCE,EQ,1511.1,1508.75,1525.0,1506.15,1518.6,1522.1,1516.35,5259759,797561306230000.0,80445,2425730,0.4612
2017-07-14,RELIANCE,EQ,1522.1,1520.0,1536.0,1515.55,1533.0,1533.75,1527.64,4693011,716921171690000.0,60570,1855009,0.39530000000000004
2017-07-17,RELIANCE,EQ,1533.75,1537.0,1559.6,1537.0,1548.7,1551.75,1550.72,4285809,664610925155000.0,58737,2295970,0.5357000000000001
2017-07-18,RELIANCE,EQ,1551.75,1546.8,1551.8,1511.0,1520.5,1519.9,1526.5,4489412,685308759490000.0,91217,2516460,0.5605
2017-07-19,RELIANCE,EQ,1519.9,1512.6,1538.0,1512.6,1538.0,1532.95,1527.52,2695041,411671843905000.0,77682,1515379,0.5623
2017-07-20,RELIANCE,EQ,1532.95,1539.75,1550.0,1523.7,1526.1,1528.9,1535.46,3114686,478248131670000.0,71431,1606391,0.5157
2017-07-21,RELIANCE,EQ,1528.9,1550.0,1591.7,1544.95,1584.0,1585.0,1572.08,22205112,3490815506850000.0,427790,4293169,0.1933
2017-07-24,RELIANCE,EQ,1585.0,1600.0,1624.9,1585.0,1619.0,1615.25,1613.62,9927229,1601879681170000.0,192058,3831194,0.3859
2017-07-25,RELIANCE,EQ,1615.25,1624.7,1624.95,1597.6,1602.5,1602.15,1610.25,4586079,738471358495000.0,110309,2144225,0.4676
2017-07-26,RELIANCE,EQ,1602.15,1604.2,1629.9,1601.1,1621.15,1622.75,1620.72,5018389,813338269620000.0,126847,2015577,0.40159999999999996
2017-07-27,RELIANCE,EQ,1622.75,1628.0,1631.5,1588.35,1592.8,1594.8,1608.84,4208071,677013306875000.0,74777,2154944,0.5121
2017-07-28,RELIANCE,EQ,1594.8,1591.25,1605.95,1578.0,1594.0,1594.45,1592.27,3276023,521632153560000.06,81539,1149781,0.35100000000000003
2017-07-31,RELIANCE,EQ,1594.45,1601.95,1618.8,1596.0,1615.45,1615.2,1610.24,3787034,609802772685000.0,77426,1889965,0.4991
2017-08-01,RELIANCE,EQ,1615.2,1622.75,1622.75,1591.5,1605.8,1603.6,1605.0,2814298,451695884235000.06,80380,1413196,0.5021
2017-08-02,RELIANCE,EQ,1603.6,1610.0,1635.7,1608.1,1625.1,1629.2,1624.28,4751385,771758694625000.0,85961,2143251,0.4511
2017-08-03,RELIANCE,EQ,1629.2,1626.85,1664.9,1617.05,1654.0,1650.1,1645.48,4504776,741250756075000.0,100320,1280650,0.2843
2017-08-04,RELIANCE,EQ,1650.1,1663.0,1663.0,1615.1,1626.5,1622.15,1626.0,4247045,690570375640000.0,105310,2052979,0.48340000000000005
2017-08-07,RELIANCE,EQ,1622.15,1631.6,1631.6,1612.55,1618.0,1616.35,1620.9,2180018,353359868240000.0,73400,1064581,0.4883
2017-08-08,RELIANCE,EQ,1616.35,1618.0,1621.05,1586.8,1604.6,1602.55,1605.42,2505568,402247684085000.0,54425,856664,0.3419
2017-08-09,RELIANCE,EQ,1602.55,1601.5,1620.0,1585.0,1595.0,1598.8,1605.79,2385643,383085334275000.0,73759,778289,0.3262
2017-08-10,RELIANCE,EQ,1598.8,1593.05,1606.65,1577.95,1593.75,1584.35,1590.55,2328843,370414339215000.0,82027,1089828,0.46799999999999997
2017-08-11,RELIANCE,EQ,1584.35,1550.95,1580.0,1533.0,1545.5,1546.25,1558.16,3885064,605353486190000.0,106441,1792053,0.46130000000000004
2017-08-14,RELIANCE,EQ,1546.25,1561.0,1584.5,1561.0,1572.2,1573.05,1573.14,3072299,483315304689999.94,92410,1667459,0.5427000000000001
2017-08-16,RELIANCE,EQ,1573.05,1572.0,1576.0,1550.2,1576.0,1566.1,1561.92,3103394,484725182075000.0,96068,1481871,0.47750000000000004
2017-08-17,RELIANCE,EQ,1566.1,1569.0,1597.65,1561.15,1563.0,1567.1,1580.02,3618179,571678948990000.0,89026,1450228,0.4008
2017-08-18,RELIANCE,EQ,1567.1,1564.0,1577.8,1553.15,1576.25,1575.4,1568.93,1814011,284606273235000.0,50855,646001,0.3561
2017-08-21,RELIANCE,EQ,1575.4,1577.0,1584.15,1560.25,1564.3,1564.4,1571.08,1731188,271984150065000.0,50892,746749,0.4314
2017-08-22,RELIANCE,EQ,1564.4,1572.0,1579.9,1556.05,1560.1,1560.05,1568.81,2179230,341879034760000.0,57712,1164969,0.5346000000000001
2017-08-23,RELIANCE,EQ,1560.05,1564.85,1586.55,1553.15,1582.55,1582.05,1567.85,1901824,298178235095000.0,57111,705110,0.37079999999999996
2017-08-24,RELIANCE,EQ,1582.05,1590.0,1593.1,1564.5,1570.0,1568.05,1575.93,2892571,455848860560000.06,92963,1522504,0.5263
2017-08-28,RELIANCE,EQ,1568.05,1579.05,1581.95,1561.2,1564.75,1566.55,1568.06,2815328,441460236145000.0,113655,1952702,0.6936
2017-08-29,RELIANCE,EQ,1566.55,1561.85,1567.5,1530.0,1532.05,1532.15,1543.47,3466421,535033011989999.94,109648,2104367,0.6071
2017-08-30,RELIANCE,EQ,1532.15,1547.55,1568.8,1541.25,1563.5,1564.1,1558.27,2362387,368123067065000.0,70628,821509,0.34770000000000006
2017-08-31,RELIANCE,EQ,1564.1,1575.0,1597.45,1574.0,1595.4,1594.5,1587.29,5738495,910868115029999.9,153607,3293653,0.574
2017-09-01,RELIANCE,EQ,1594.5,1599.85,1616.6,1599.0,1611.95,1610.1,1609.02,3527477,567577329670000.0,67678,1561681,0.44270000000000004
2017-09-04,RELIANCE,EQ,1610.1,1615.5,1636.15,1595.85,1615.0,1613.35,1616.73,4928375,796784492865000.0,78551,2385472,0.484
2017-09-05,RELIANCE,EQ,1613.35,1630.0,1634.85,1621.05,1632.15,1632.6,1630.06,5764131,939587538635000.0,103790,3567169,0.6189
2017-09-06,RELIANCE,EQ,1632.6,1626.4,1652.5,1622.8,1644.0,1645.4,1645.9,11142512,1833950817980000.0,107540,8046232,0.7221
2017-09-07,RELIANCE,EQ,1645.4,823.0,832.5,815.0,816.6,818.1,822.46,7408536,609323836220000.0,125644,3413409,0.4607
2017-09-08,RELIANCE,EQ,818.1,820.0,823.25,812.1,816.95,816.9,817.3,6056729,495016147980000.0,107693,3404300,0.5621
2017-09-11,RELIANCE,EQ,816.9,821.3,826.85,816.55,819.5,817.9,822.68,5801712,477296639114999.94,65550,3899662,0.6722
2017-09-12,RELIANCE,EQ,817.9,822.75,825.0,817.0,824.5,823.75,821.76,2971669,244199785535000.0,60052,1570576,0.5285
2017-09-13,RELIANCE,EQ,823.75,824.0,859.9,822.0,853.4,849.0,846.97,13430225,1137503939205000.0,169159,5061298,0.3769
2017-09-14,RELIANCE,EQ,849.0,855.8,861.5,842.0,844.2,843.85,850.31,5425486,461336923695000.0,73159,2181419,0.4021
2017-09-15,RELIANCE,EQ,843.85,842.0,852.85,834.75,842.0,841.8,841.99,13072853,1100722182590000.0,97143,8512123,0.6511
2017-09-18,RELIANCE,EQ,841.8,850.0,851.05,843.1,845.2,845.55,847.17,2314174,196049373145000.0,57137,918028,0.39670000000000005
2017-09-19,RELIANCE,EQ,845.55,848.7,848.75,837.0,839.0,838.6,839.69,3528729,296305585995000.0,56976,2171370,0.6153000000000001
2017-09-20,RELIANCE,EQ,838.6,856.1,872.5,845.1,848.0,847.15,855.91,11402965,975987615379999.9,147419,5286400,0.4636
2017-09-21,RELIANCE,EQ,847.15,847.0,851.7,836.25,842.95,841.35,841.76,5920552,498370946164999.94,81741,3689024,0.6231
2017-09-22,RELIANCE,EQ,841.35,839.9,839.9,813.2,816.95,817.4,824.67,5620443,463501551375000.0,97574,2686568,0.478
2017-09-25,RELIANCE,EQ,817.4,815.0,827.95,805.2,821.0,821.55,818.09,6505309,532193799275000.0,116207,3232646,0.4969
2017-09-26,RELIANCE,EQ,821.55,821.7,827.05,812.2,819.2,820.1,819.18,4829571,395629933810000.0,71436,2194442,0.45439999999999997
2017-09-27,RELIANCE,EQ,820.1,825.6,825.7,795.5,798.4,799.15,805.86,8434196,679676390325000.0,130217,3767260,0.44670000000000004
2017-09-28,RELIANCE,EQ,799.15,799.65,802.9,780.2,786.25,786.45,789.61,13508179,1066624086670000.1,197436,8286564,0.6134000000000001
2017-09-29,RELIANCE,EQ,786.45,791.75,793.4,779.1,781.2,780.9,785.51,7619230,598497730670000.0,139675,3644681,0.47840000000000005
2017-10-03,RELIANCE,EQ,780.9,795.0,803.85,785.35,799.0,798.35,797.81,8387059,669128933070000.0,147117,4792550,0.5714
2017-10-04,RELIANCE,EQ,798.35,799.2,824.95,795.6,824.0,818.85,811.68,8643924,701611651610000.0,131730,4821464,0.5578000000000001
2017-10-05,RELIANCE,EQ,818.85,825.0,828.45,818.65,824.0,824.15,823.34,4860479,400181882675000.0,64016,2110387,0.43420000000000003
2017-10-06,RELIANCE,EQ,824.15,824.0,839.35,822.6,838.2,837.05,832.42,5942106,494632121250000.0,57349,2501831,0.42100000000000004
2017-10-09,RELIANCE,EQ,837.05,839.0,839.8,828.0,829.25,830.65,832.26,4046109,336741168085000.0,55669,1868638,0.4618
2017-10-10,RELIANCE,EQ,830.65,831.0,847.3,831.0,842.25,843.2,842.23,6734986,567242772430000.0,129431,3140069,0.4662
2017-10-11,RELIANCE,EQ,843.2,845.3,858.4,836.0,839.0,840.15,848.94,7049800,598484557560000.0,107153,3557392,0.5046
2017-10-12,RELIANCE,EQ,840.15,842.1,876.8,842.1,875.6,872.75,859.93,8522926,732914250860000.0,133483,3855443,0.4524
2017-10-13,RELIANCE,EQ,872.75,879.3,890.7,873.35,877.35,876.45,880.42,9833512,865758519210000.0,159717,3846703,0.3912
2017-10-16,RELIANCE,EQ,876.45,879.0,892.0,861.3,877.5,876.8,877.1,14633539,1283507776165000.0,199908,5138463,0.3511
2017-10-17,RELIANCE,EQ,876.8,878.0,884.0,867.2,874.8,874.35,874.82,6354084,555869692835000.06,82934,2425100,0.38170000000000004
2017-10-18,RELIANCE,EQ,874.35,877.4,917.9,875.0,916.4,914.5,902.06,16765178,1512327619035000.0,236743,5324698,0.31760000000000005
2017-10-19,RELIANCE,EQ,914.5,915.8,921.9,903.0,904.0,909.9,914.94,3664082,335240328660000.0,57147,752973,0.20550000000000002
2017-10-23,RELIANCE,EQ,909.9,912.9,944.7,909.1,940.1,939.75,930.39,12551649,1167797938310000.0,181861,5558279,0.4428
2017-10-24,RELIANCE,EQ,939.75,947.7,947.7,928.2,936.2,934.25,936.76,6335308,593464221595000.0,114331,2261547,0.35700000000000004
2017-10-25,RELIANCE,EQ,934.25,940.1,945.9,929.5,939.3,939.9,937.6,4577050,429141953025000.0,84923,2094561,0.4576
2017-10-26,RELIANCE,EQ,939.9,940.0,957.8,931.0,945.3,947.4,943.54,7698704,726404292500000.0,135945,3607637,0.4686
2017-10-27,RELIANCE,EQ,947.4,950.0,956.7,925.7,930.95,929.85,936.16,5256749,492113944800000.0,100759,2291791,0.436
2017-10-30,RELIANCE,EQ,929.85,934.0,945.55,930.6,945.35,942.5,939.44,3576533,335992991540000.0,59624,1456076,0.4071
2017-10-31,RELIANCE,EQ,942.5,944.95,945.75,932.2,944.05,940.85,938.33,4345360,407737348030000.0,113055,2391774,0.5504
2017-11-01,RELIANCE,EQ,940.85,947.75,957.8,945.75,952.35,952.55,952.36,8033040,765035559655000.0,120104,4029559,0.5015999999999999
2017-11-02,RELIANCE,EQ,952.55,952.8,956.5,944.25,946.8,946.6,950.6,4698609,446652020910000.06,57550,1658640,0.353
2017-11-03,RELIANCE,EQ,946.6,955.95,955.95,940.15,945.95,945.3,945.4,2193730,207394802680000.0,41298,645281,0.29410000000000003
2017-11-06,RELIANCE,EQ,945.3,942.5,942.5,929.0,931.35,932.5,935.46,4460799,417289890195000.0,120041,3021207,0.6773
2017-11-07,RELIANCE,EQ,932.5,933.35,935.0,903.05,906.5,906.7,910.53,9347943,851159212085000.0,150615,6087592,0.6512000000000001
2017-11-08,RELIANCE,EQ,906.7,902.5,906.0,884.1,889.5,887.8,891.91,8115980,723875948505000.0,175122,5266296,0.6489
2017-11-09,RELIANCE,EQ,887.8,894.75,909.9,892.05,902.9,900.5,901.96,6860798,618816291780000.0,100868,2342869,0.34149999999999997
2017-11-10,RELIANCE,EQ,900.5,900.95,900.95,879.2,884.9,883.85,886.8,6365174,564466449260000.0,117869,3961031,0.6223
2017-11-13,RELIANCE,EQ,883.85,885.0,891.9,873.5,874.9,875.25,879.06,4155011,365251060320000.0,155793,2396488,0.5768
2017-11-14,RELIANCE,EQ,875.25,875.0,895.0,873.0,887.5,886.7,885.91,5706105,505509247130000.0,123594,2227040,0.39030000000000004
2017-11-15,RELIANCE,EQ,886.7,884.5,890.6,877.95,883.25,883.7,884.44,6981872,617503978805000.0,113126,3261381,0.4671
2017-11-16,RELIANCE,EQ,883.7,885.5,906.0,885.5,905.25,903.85,900.06,6931038,623835238775000.0,124353,3150704,0.4546
2017-11-17,RELIANCE,EQ,903.85,918.95,924.9,908.5,913.0,911.9,916.3,5586242,511867194775000.0,114604,2824973,0.5057
2017-11-20,RELIANCE,EQ,911.9,906.2,924.35,905.0,919.0,920.85,916.6,4220192,386822823505000.0,73297,1893132,0.4486
2017-11-21,RELIANCE,EQ,920.85,926.8,939.65,925.5,932.05,932.55,934.2,5980763,558724639060000.06,139701,3335555,0.5577000000000001
2017-11-22,RELIANCE,EQ,932.55,937.45,938.65,923.45,934.1,930.75,930.23,5055490,470276889345000.0,80499,2499017,0.4943
2017-11-23,RELIANCE,EQ,930.75,931.0,949.9,926.65,949.7,947.0,940.34,7329126,689187371520000.0,86733,3905572,0.5329
2017-11-24,RELIANCE,EQ,947.0,950.0,959.5,947.4,951.25,951.1,952.55,6394443,609102018715000.0,104436,3410898,0.5334000000000001
2017-11-27,RELIANCE,EQ,951.1,947.25,957.5,944.0,952.5,951.35,949.61,4680074,444426697389999.94,97924,2384703,0.5095000000000001
2017-11-28,RELIANCE,EQ,951.35,949.85,951.35,938.1,942.4,943.35,944.15,4641893,438263429975000.0,109264,2738861,0.59
2017-11-29,RELIANCE,EQ,943.35,941.85,950.0,941.0,943.45,946.0,946.8,3674864,347937205265000.0,86735,2029868,0.5524
2017-11-30,RELIANCE,EQ,946.0,941.45,941.45,919.5,922.5,921.55,925.7,9434893,873389442215000.0,144271,5722173,0.6065
2017-12-01,RELIANCE,EQ,921.55,924.45,931.25,907.7,909.5,910.1,918.22,5081389,466584680605000.0,101581,1664223,0.3275
2017-12-04,RELIANCE,EQ,910.1,913.5,913.8,897.35,902.6,901.6,902.87,4618847,417022964635000.0,98705,1947974,0.4217
2017-12-05,RELIANCE,EQ,901.6,901.05,920.75,895.45,914.3,913.7,911.85,8369174,763145601110000.0,130046,3775734,0.4511
2017-12-06,RELIANCE,EQ,913.7,910.0,930.3,908.8,929.0,926.65,923.12,11007689,1016140438045000.1,116174,5913583,0.5372
2017-12-07,RELIANCE,EQ,926.65,930.05,936.0,923.0,932.45,931.55,928.69,5529565,513525366925000.0,108371,2924032,0.5288
2017-12-08,RELIANCE,EQ,931.55,933.85,936.95,919.05,921.3,921.0,925.59,5588486,517265163220000.0,118138,2963675,0.5303
2017-12-11,RELIANCE,EQ,921.0,922.45,926.0,913.55,916.5,916.15,917.67,4933853,452763839260000.06,91965,2652465,0.5376
2017-12-12,RELIANCE,EQ,916.15,915.95,929.0,908.0,917.75,915.6,920.76,7215014,664326913555000.0,107416,3034717,0.42060000000000003
2017-12-13,RELIANCE,EQ,915.6,916.9,924.95,910.7,914.75,914.65,919.03,4182097,384349064420000.0,66952,1368151,0.3271
2017-12-14,RELIANCE,EQ,914.65,919.0,924.9,908.75,924.0,921.5,915.89,5021130,459878986810000.06,97478,2236820,0.4455
2017-12-15,RELIANCE,EQ,921.5,931.0,932.95,917.7,921.0,919.75,922.67,11158706,1029585130540000.0,178864,7983980,0.7155
2017-12-18,RELIANCE,EQ,919.75,911.95,932.65,862.65,922.45,921.0,916.28,8494801,778359954635000.0,131395,2365873,0.2785
2017-12-19,RELIANCE,EQ,921.0,923.6,927.0,920.0,926.85,925.95,924.26,4064982,375709720245000.0,78194,1941789,0.4777
2017-12-20,RELIANCE,EQ,925.95,925.9,927.4,917.0,918.75,918.15,920.58,4774414,439525360035000.06,122373,2796408,0.5857
2017-12-21,RELIANCE,EQ,918.15,918.45,923.95,910.0,913.0,912.95,917.28,4147162,380410801515000.0,91666,2425548,0.5849000000000001
2017-12-22,RELIANCE,EQ,912.95,914.65,922.4,909.3,919.8,920.4,917.93,4872675,447279583500000.0,107550,2501910,0.5135000000000001
2017-12-26,RELIANCE,EQ,920.4,924.85,938.9,918.15,936.0,929.8,925.15,5301456,490464471145000.0,88411,3034867,0.5725
2017-12-27,RELIANCE,EQ,929.8,933.0,937.5,919.0,923.25,923.75,930.28,4352384,404892700210000.0,107845,2086939,0.47950000000000004
2017-12-28,RELIANCE,EQ,923.75,925.25,934.4,919.1,922.6,924.2,924.83,7091515,655846759875000.0,92078,3829171,0.54
2017-12-29,RELIANCE,EQ,924.2,926.5,932.3,918.5,920.1,921.05,924.13,5069838,468518500670000.0,102691,2516140,0.4963
2018-01-01,RELIANCE,EQ,921.05,922.7,922.7,907.5,909.5,909.75,913.43,4321686,394756894355000.0,61538,2615951,0.6053000000000001
2018-01-02,RELIANCE,EQ,909.75,913.0,919.55,906.4,911.5,911.15,912.92,4342815,396464916965000.0,63346,1835805,0.4227
2018-01-03,RELIANCE,EQ,911.15,925.0,926.0,913.05,915.5,914.8,920.1,6175312,568189848250000.0,101162,2679871,0.434
2018-01-04,RELIANCE,EQ,914.8,918.15,921.8,915.7,920.5,920.3,919.08,4118581,378531018715000.0,92195,2666331,0.6474
2018-01-05,RELIANCE,EQ,920.3,921.8,926.9,920.25,923.0,923.25,923.12,3401905,314037942935000.0,59095,1641153,0.48240000000000005
2018-01-08,RELIANCE,EQ,923.25,926.1,931.0,923.5,926.6,928.55,927.42,4035417,374253828225000.0,71254,2338783,0.5796
2018-01-09,RELIANCE,EQ,928.55,928.15,943.9,924.0,940.0,940.95,938.57,6534997,613353176775000.0,130260,2793438,0.4275
2018-01-10,RELIANCE,EQ,940.95,943.0,947.4,935.5,941.5,942.35,942.13,5361502,505124131214999.94,88179,3071989,0.573
2018-01-11,RELIANCE,EQ,942.35,941.8,942.65,935.0,936.9,937.75,939.68,3588727,337226377865000.0,61745,2236859,0.6233
2018-01-12,RELIANCE,EQ,937.75,943.0,952.8,938.25,946.6,949.0,946.82,6890028,652358966340000.0,120871,3367729,0.4888
2018-01-15,RELIANCE,EQ,949.0,950.0,958.5,945.2,947.6,949.15,952.57,5084113,484298933735000.06,67051,3050153,0.5999
2018-01-16,RELIANCE,EQ,949.15,947.7,947.7,920.0,923.8,922.95,930.84,4948895,460662246085000.06,112950,2257272,0.4561
2018-01-17,RELIANCE,EQ,922.95,926.0,929.0,907.0,924.1,924.5,921.46,6036432,556235416170000.0,113531,2867770,0.47509999999999997
2018-01-18,RELIANCE,EQ,924.5,929.0,929.6,915.1,922.0,919.7,922.33,4289053,395592703240000.0,96415,1953284,0.4554
2018-01-19,RELIANCE,EQ,919.7,923.0,934.4,922.1,934.2,931.3,928.48,4559564,423344494400000.0,104474,1700020,0.3728
2018-01-22,RELIANCE,EQ,931.3,948.0,974.3,940.0,970.2,971.5,959.81,20892838,2005313315380000.0,324891,7211234,0.34520000000000006
2018-01-23,RELIANCE,EQ,971.5,975.0,990.95,975.0,982.05,983.25,984.66,10298500,1014050929175000.0,189970,4375134,0.42479999999999996
2018-01-24,RELIANCE,EQ,983.25,981.75,981.75,962.65,967.95,966.35,968.16,6532672,632464203805000.0,112501,3339394,0.5112
2018-01-25,RELIANCE,EQ,966.35,967.9,972.0,956.15,963.95,965.9,963.99,6249419,602440478535000.0,124818,3361900,0.538
2018-01-29,RELIANCE,EQ,965.9,966.2,977.3,959.3,963.7,964.5,968.68,4524605,438289510805000.0,98469,2245340,0.4963
2018-01-30,RELIANCE,EQ,964.5,965.8,965.8,949.0,950.0,950.4,956.43,4198139,401523206800000.0,67935,2568921,0.6119
2018-01-31,RELIANCE,EQ,950.4,950.0,964.5,941.55,962.0,961.3,958.82,5738209,550190957855000.0,118233,3180140,0.5542
2018-02-01,RELIANCE,EQ,961.3,963.25,972.6,936.6,945.0,943.85,955.08,7554587,721526053240000.0,126370,3415032,0.452
2018-02-02,RELIANCE,EQ,943.85,935.0,943.95,901.0,901.9,904.35,917.5,13242095,1214957519330000.0,233056,8153043,0.6157
2018-02-05,RELIANCE,EQ,904.35,894.0,912.5,881.8,907.0,902.15,902.03,8773525,791396463325000.0,208567,4974348,0.5670000000000001
2018-02-06,RELIANCE,EQ,902.15,877.0,898.0,871.0,893.4,892.1,884.19,11000567,972662741420000.1,223859,5774757,0.525
2018-02-07,RELIANCE,EQ,892.1,902.55,905.4,890.0,892.45,894.4,897.52,7100838,637316772665000.0,167780,3968480,0.5589000000000001
2018-02-08,RELIANCE,EQ,894.4,897.9,910.65,892.35,906.2,904.55,903.17,6320734,570872620640000.0,184671,3350338,0.5301
2018-02-09,RELIANCE,EQ,904.55,889.0,902.0,886.0,899.95,897.85,895.97,5294279,474353283970000.0,134990,2528662,0.47759999999999997
2018-02-12,RELIANCE,EQ,897.85,903.0,918.2,902.05,914.0,915.5,910.17,5429792,494203225935000.06,117785,2864468,0.5275
2018-02-14,RELIANCE,EQ,915.5,923.0,942.5,921.0,929.0,933.65,930.9,10170959,946818169490000.0,207422,5714896,0.5619
2018-02-15,RELIANCE,EQ,933.65,937.65,945.75,928.15,936.1,935.65,938.06,6109454,573105855645000.0,110875,2385409,0.3904
2018-02-16,RELIANCE,EQ,935.65,939.6,942.6,918.1,920.45,921.3,930.32,4401672,409497305460000.0,89938,1942920,0.4414
2018-02-19,RELIANCE,EQ,921.3,921.0,932.0,913.55,928.3,927.0,922.39,4087936,377066544135000.0,76979,1510482,0.36950000000000005
2018-02-20,RELIANCE,EQ,927.0,929.0,929.55,918.8,919.9,921.1,923.11,3866919,356959582790000.0,73125,1883636,0.48710000000000003
2018-02-21,RELIANCE,EQ,921.1,930.0,932.5,922.15,929.0,929.35,927.21,5448230,505167702430000.0,115472,3286057,0.6031000000000001
2018-02-22,RELIANCE,EQ,929.35,922.0,931.0,920.0,921.0,924.35,924.97,5118850,473477915060000.06,95362,2583649,0.5047
2018-02-23,RELIANCE,EQ,924.35,925.4,938.0,922.75,934.0,934.25,931.77,4850839,451987765655000.0,107785,2720599,0.5609000000000001
2018-02-26,RELIANCE,EQ,934.25,939.0,944.9,936.6,938.75,938.7,941.3,3856478,363011375855000.0,76681,2134416,0.5535
2018-02-27,RELIANCE,EQ,938.7,939.0,955.8,938.35,951.5,950.5,949.05,6410097,608347704225000.0,97701,3270098,0.5101
2018-02-28,RELIANCE,EQ,950.5,945.95,957.1,943.2,951.0,954.55,953.33,25898694,2468997332505000.0,245932,19148342,0.7394
2018-03-01,RELIANCE,EQ,954.55,949.75,959.9,945.95,948.05,948.4,951.47,4094652,389594830425000.0,82999,2074420,0.5065999999999999
2018-03-05,RELIANCE,EQ,948.4,943.0,950.15,921.6,922.65,924.1,932.35,5634893,525368153039999.94,105746,2770783,0.4917
2018-03-06,RELIANCE,EQ,924.1,929.0,936.2,905.1,908.65,910.85,926.46,7323680,678512109875000.0,119522,4340221,0.5926
2018-03-07,RELIANCE,EQ,910.85,909.25,909.25,888.05,892.4,889.75,898.07,7247708,650894348275000.0,162870,4114512,0.5677000000000001
2018-03-08,RELIANCE,EQ,889.75,897.65,914.5,893.3,911.0,911.45,903.98,6072983,548988218989999.94,110989,2821293,0.4646
2018-03-09,RELIANCE,EQ,911.45,914.9,919.35,911.05,915.0,913.1,914.72,4863577,444882126535000.06,110348,2706076,0.5564
2018-03-12,RELIANCE,EQ,913.1,920.0,933.1,917.55,931.95,930.3,924.01,3801407,351252094425000.0,70971,1844960,0.4853
2018-03-13,RELIANCE,EQ,930.3,931.9,936.0,921.35,934.0,931.85,929.52,5096825,473758048364999.94,72560,2290961,0.4495
2018-03-14,RELIANCE,EQ,931.85,928.8,932.05,919.2,931.55,929.05,923.15,6731530,621419530900000.0,79487,3237828,0.48100000000000004
2018-03-15,RELIANCE,EQ,929.05,925.0,929.45,910.0,911.0,911.8,918.37,5811424,533704711939999.94,70975,2849596,0.4903
2018-03-16,RELIANCE,EQ,911.8,909.0,909.7,886.05,904.0,900.05,898.82,14087564,1266212992765000.0,221824,9248266,0.6565000000000001
2018-03-19,RELIANCE,EQ,900.05,901.0,906.9,892.0,895.0,895.5,898.02,5774392,518551999150000.0,111279,2595730,0.4495
2018-03-20,RELIANCE,EQ,895.5,893.3,904.0,887.05,892.0,889.8,894.96,6945721,621614168445000.0,111138,3726794,0.5366
2018-03-21,RELIANCE,EQ,889.8,894.85,902.35,893.3,896.0,896.9,897.27,6727261,603618665155000.0,126549,3864583,0.5745
2018-03-22,RELIANCE,EQ,896.9,896.0,911.95,895.75,908.9,908.15,907.73,10116965,918344607410000.0,135445,6244257,0.6172
2018-03-23,RELIANCE,EQ,908.15,890.6,900.0,889.1,892.5,893.9,894.9,10729694,960199876050000.0,115124,7669459,0.7148000000000001
2018-03-26,RELIANCE,EQ,893.9,893.95,904.3,892.5,901.5,901.1,898.73,6047262,543487931305000.0,121961,3636901,0.6014
2018-03-27,RELIANCE,EQ,901.1,907.2,910.75,897.0,898.3,899.8,903.51,6939577,626998677515000.0,107921,4642015,0.6689
2018-03-28,RELIANCE,EQ,899.8,895.8,895.85,880.0,881.6,882.7,886.65,8759586,776671637505000.0,164624,5760321,0.6576000000000001
2018-04-02,RELIANCE,EQ,882.7,893.0,900.95,886.5,892.95,892.95,894.38,5712065,510876264120000.0,138967,3627851,0.6351
2018-04-03,RELIANCE,EQ,892.95,891.0,901.7,885.25,901.0,899.55,891.67,6364728,567526823150000.0,106660,4357033,0.6846
2018-04-04,RELIANCE,EQ,899.55,904.7,911.8,892.05,893.25,894.9,901.57,6498407,585876507035000.0,90218,3792126,0.5835
2018-04-05,RELIANCE,EQ,894.9,905.1,910.0,903.5,908.0,908.2,907.4,3898676,353765996975000.0,76386,2302327,0.5905
2018-04-06,RELIANCE,EQ,908.2,908.0,918.5,905.0,911.95,911.0,912.81,4418462,403322115645000.0,76788,2226588,0.5039
2018-04-09,RELIANCE,EQ,911.0,912.55,919.0,912.55,915.0,916.0,916.01,3572251,327222285960000.0,73839,2250338,0.6299
2018-04-10,RELIANCE,EQ,916.0,918.4,923.9,914.15,915.5,917.05,919.12,3865402,355277295530000.0,80941,2362123,0.6111
2018-04-11,RELIANCE,EQ,917.05,921.8,932.75,916.05,931.75,930.85,927.88,6007539,557424615430000.0,109450,3174364,0.5284000000000001
2018-04-12,RELIANCE,EQ,930.85,929.85,936.65,924.2,927.1,928.7,929.39,4947725,459836281955000.0,81750,2709544,0.5476
2018-04-13,RELIANCE,EQ,928.7,932.7,941.7,928.7,939.85,938.85,937.05,5767984,540490821045000.0,102901,3471103,0.6018
2018-04-16,RELIANCE,EQ,938.85,934.45,940.0,928.5,938.1,937.05,932.57,4084450,380904157400000.0,104874,2628073,0.6434000000000001
2018-04-17,RELIANCE,EQ,937.05,940.0,947.2,936.0,945.0,944.25,942.33,4388713,413560726610000.0,107244,2792594,0.6363000000000001
2018-04-18,RELIANCE,EQ,944.25,945.25,948.2,935.05,937.7,938.0,941.25,3365196,316748400090000.0,90717,2111686,0.6275000000000001
2018-04-19,RELIANCE,EQ,938.0,939.1,945.0,935.0,942.0,942.3,941.25,4481413,421813428575000.0,49239,2947293,0.6577
2018-04-20,RELIANCE,EQ,942.3,938.0,941.85,921.2,930.0,927.9,928.21,3349519,310907170425000.0,72993,1740154,0.5195000000000001
2018-04-23,RELIANCE,EQ,927.9,930.0,944.35,928.5,935.0,936.0,936.28,3508515,328495414855000.0,74884,1921427,0.5476
2018-04-24,RELIANCE,EQ,936.0,935.8,975.7,935.0,971.6,970.05,959.86,9107264,874171816910000.0,161209,3460005,0.3799
2018-04-25,RELIANCE,EQ,970.05,973.65,981.8,963.55,972.0,970.5,971.0,6436620,624996089110000.0,125144,2040807,0.3171
2018-04-26,RELIANCE,EQ,970.5,973.0,988.0,962.25,973.15,975.35,977.14,15588001,1523169734595000.0,191487,8531489,0.5473
2018-04-27,RELIANCE,EQ,975.35,989.8,1011.0,985.5,996.5,996.3,999.97,11666267,1166587266110000.0,173541,4260032,0.3652
2018-04-30,RELIANCE,EQ,996.3,982.0,992.6,960.0,963.5,963.3,969.39,8871802,860027017129999.9,170165,3221915,0.3632
2018-05-02,RELIANCE,EQ,963.3,967.0,979.2,965.05,974.8,972.7,973.34,6117761,595465510505000.0,148402,3572199,0.5839
2018-05-03,RELIANCE,EQ,972.7,977.9,977.9,959.25,962.0,961.6,964.27,3947546,380651271890000.0,84753,1962554,0.4972
2018-05-04,RELIANCE,EQ,961.6,962.85,964.7,950.0,953.6,953.95,954.68,3795692,362368616995000.0,119312,2179011,0.5740999999999999
2018-05-07,RELIANCE,EQ,953.95,958.85,973.25,956.35,971.9,971.0,963.82,3512532,338545072645000.0,87310,1558672,0.4437
2018-05-08,RELIANCE,EQ,971.0,977.5,982.0,965.2,966.0,967.1,972.41,4934036,479791483360000.06,104703,2886310,0.585
2018-05-09,RELIANCE,EQ,967.1,965.9,984.3,962.25,976.2,976.7,973.59,4494423,437573960745000.0,96826,2151911,0.47880000000000006
2018-05-10,RELIANCE,EQ,976.7,980.0,984.6,974.25,979.15,981.15,980.67,4014645,393702425970000.0,74806,2062636,0.5138
2018-05-11,RELIANCE,EQ,981.15,981.25,991.3,977.75,986.0,989.25,986.84,4011516,395872405495000.0,76911,1936607,0.4828
2018-05-14,RELIANCE,EQ,989.25,991.95,991.95,976.7,984.95,986.6,984.23,2579561,253889094369999.97,56447,1192913,0.46240000000000003
2018-05-15,RELIANCE,EQ,986.6,983.05,1000.0,976.65,978.55,978.95,988.75,4800923,474690840980000.0,100265,2160312,0.45
2018-05-16,RELIANCE,EQ,978.95,974.0,974.0,952.45,954.4,956.15,962.49,8613363,829031302265000.0,116722,4335906,0.5034000000000001
2018-05-17,RELIANCE,EQ,956.15,959.35,960.0,941.5,944.0,945.35,949.68,4733477,449527347039999.94,119057,2896065,0.6118
2018-05-18,RELIANCE,EQ,945.35,945.6,953.5,932.0,934.5,933.85,941.11,5230037,492204168475000.0,117002,2639728,0.5047
2018-05-21,RELIANCE,EQ,933.85,930.75,935.7,922.1,934.8,931.35,927.05,6624893,614160338835000.0,83977,3776097,0.5700000000000001
2018-05-22,RELIANCE,EQ,931.35,933.15,934.0,925.0,927.1,926.75,930.25,5170585,480992528920000.0,78323,2425892,0.4692
2018-05-23,RELIANCE,EQ,926.75,926.0,926.0,909.15,913.8,912.25,917.49,4567562,419071034660000.0,111713,2429374,0.5319
2018-05-24,RELIANCE,EQ,912.25,914.0,921.0,910.15,917.95,915.85,916.46,5317983,487372384139999.94,96010,2683128,0.5045000000000001
2018-05-25,RELIANCE,EQ,915.85,916.0,923.4,914.45,922.0,920.8,920.3,8129520,748157304065000.0,94418,4874804,0.5996
2018-05-28,RELIANCE,EQ,920.8,924.9,927.0,918.1,919.95,920.4,922.21,5197835,479349512070000.0,98317,2438491,0.46909999999999996
2018-05-29,RELIANCE,EQ,920.4,921.5,928.0,914.4,916.9,917.45,920.32,8173396,752215149725000.0,113106,5810543,0.7109000000000001
2018-05-30,RELIANCE,EQ,917.45,914.85,923.2,906.6,915.8,916.1,915.8,5991222,548677304470000.0,135401,3269611,0.5457
2018-05-31,RELIANCE,EQ,916.1,921.0,922.3,914.55,920.3,921.35,921.07,16951801,1561386559025000.0,166442,13107087,0.7732
2018-06-01,RELIANCE,EQ,921.35,920.0,935.75,918.45,928.6,930.55,926.94,8765835,812538921550000.0,136941,4890383,0.5579
2018-06-04,RELIANCE,EQ,930.55,933.4,944.0,930.55,941.5,940.85,939.73,5600357,526282939475000.0,237083,2937842,0.5246000000000001
2018-06-05,RELIANCE,EQ,940.85,942.8,955.0,941.0,948.9,947.65,949.46,7971524,756865558840000.0,169905,4928650,0.6183
2018-06-06,RELIANCE,EQ,947.65,947.0,956.0,942.65,954.0,954.4,952.01,4189483,398842335305000.0,108083,2708703,0.6465000000000001
2018-06-07,RELIANCE,EQ,954.4,954.9,976.0,954.45,970.85,971.35,969.3,6857300,664675236330000.0,202014,4501975,0.6565000000000001
2018-06-08,RELIANCE,EQ,971.35,966.35,986.55,960.6,983.1,984.35,974.6,6532599,636667193245000.0,143699,3812961,0.5837
2018-06-11,RELIANCE,EQ,984.35,987.1,999.95,979.05,980.05,982.65,991.25,6866053,680600743950000.0,169285,4298747,0.6261
2018-06-12,RELIANCE,EQ,982.65,983.4,1000.0,980.3,999.4,997.15,991.14,7445221,737926630305000.0,150601,4766496,0.6402
2018-06-13,RELIANCE,EQ,997.15,1000.0,1005.9,989.5,1002.5,1002.5,999.25,5926020,592155758575000.0,143644,2871545,0.48460000000000003
2018-06-14,RELIANCE,EQ,1002.5,997.45,1011.8,987.4,1007.0,1007.95,1001.22,5484867,549157375730000.0,130819,2218107,0.4044
2018-06-15,RELIANCE,EQ,1007.95,1006.0,1023.5,999.25,1012.45,1014.2,1015.48,11294702,1146952269440000.0,227359,6385232,0.5653
2018-06-18,RELIANCE,EQ,1014.2,1008.8,1020.45,1007.0,1014.1,1015.55,1014.97,5652374,573701677245000.0,114998,3492837,0.6179
2018-06-19,RELIANCE,EQ,1015.55,1013.9,1014.8,993.65,995.6,996.05,1002.7,6346101,636326236155000.0,169205,3674239,0.579
2018-06-20,RELIANCE,EQ,996.05,996.0,1022.9,994.85,1019.2,1019.25,1015.65,7193824,730643884325000.0,176300,3287906,0.457
2018-06-21,RELIANCE,EQ,1019.25,1023.45,1036.0,1021.3,1031.6,1031.95,1030.56,10509756,1083092585525000.0,218105,5465096,0.52
2018-06-22,RELIANCE,EQ,1031.95,1028.4,1029.2,1008.45,1011.65,1012.5,1014.6,16169978,1640613308000000.0,159059,7986234,0.4939
2018-06-25,RELIANCE,EQ,1012.5,1011.4,1016.5,1002.3,1005.0,1004.45,1010.49,5197694,525220424564999.94,93795,2676512,0.5149
2018-06-26,RELIANCE,EQ,1004.45,1006.0,1006.0,975.25,978.3,978.95,986.72,8068585,796146528650000.0,176505,5009123,0.6208
2018-06-27,RELIANCE,EQ,978.95,978.5,985.4,962.7,963.7,965.85,973.82,8958555,872400524550000.0,179753,4764722,0.5319
2018-06-28,RELIANCE,EQ,965.85,962.0,968.5,940.3,948.0,944.95,952.67,8581234,817504391860000.0,156175,4508940,0.5254
2018-06-29,RELIANCE,EQ,944.95,949.1,975.5,949.0,973.2,972.45,967.48,7966401,770733524040000.0,152587,4374071,0.5491
2018-07-02,RELIANCE,EQ,972.45,972.35,972.35,957.0,960.05,960.6,962.14,6660916,640870199475000.0,83823,4155523,0.6239
2018-07-03,RELIANCE,EQ,960.6,965.0,978.45,960.35,972.2,971.3,972.1,5067261,492588368789999.94,117456,1809418,0.35710000000000003
2018-07-04,RELIANCE,EQ,971.3,971.8,992.0,971.0,991.0,990.1,982.92,5000724,491532623995000.0,114594,1659398,0.3318
2018-07-05,RELIANCE,EQ,990.1,997.0,1008.4,958.6,964.65,964.5,988.25,18719353,1849939824595000.0,309468,5001526,0.2672
2018-07-06,RELIANCE,EQ,964.5,964.75,983.0,964.5,977.5,977.55,977.82,9161266,895807481250000.0,164393,4334629,0.4731
2018-07-09,RELIANCE,EQ,977.55,987.1,1000.0,983.5,996.0,997.1,991.93,5170189,512844201139999.94,126126,2125680,0.4111
2018-07-10,RELIANCE,EQ,997.1,1002.75,1028.5,1000.0,1027.5,1025.7,1018.86,10444513,1064150010670000.1,204258,5119543,0.4902
2018-07-11,RELIANCE,EQ,1025.7,1025.0,1040.9,1017.85,1040.0,1038.8,1030.85,8665072,893236775004999.9,196687,4132538,0.4769
2018-07-12,RELIANCE,EQ,1038.8,1044.35,1099.0,1042.6,1080.9,1082.35,1080.29,24109297,2604507053295000.0,383215,8426615,0.34950000000000003
2018-07-13,RELIANCE,EQ,1082.35,1080.5,1109.0,1080.0,1101.0,1099.8,1098.67,17967282,1974014531965000.2,288822,6936199,0.386
2018-07-16,RELIANCE,EQ,1099.8,1099.8,1108.9,1073.05,1078.65,1076.2,1082.43,6595781,713949412890000.0,140095,2315158,0.35100000000000003
2018-07-17,RELIANCE,EQ,1076.2,1078.3,1095.95,1069.6,1094.0,1092.35,1085.22,6469256,702056895055000.0,145535,2479774,0.3833
2018-07-18,RELIANCE,EQ,1092.35,1098.4,1104.6,1077.3,1093.3,1092.55,1091.64,4682099,511116721110000.06,110961,1252943,0.2676
2018-07-19,RELIANCE,EQ,1092.55,1093.3,1115.0,1086.35,1114.35,1104.85,1098.53,5433617,596899893080000.0,193943,2239525,0.4122
2018-07-20,RELIANCE,EQ,1104.85,1113.4,1138.5,1111.9,1127.65,1128.65,1125.34,8018150,902316464875000.0,203126,2628164,0.32780000000000004
2018-07-23,RELIANCE,EQ,1128.65,1129.8,1129.8,1113.1,1120.5,1120.3,1119.33,5842496,653966089285000.0,100779,3433559,0.5877
2018-07-24,RELIANCE,EQ,1120.3,1122.0,1126.75,1107.4,1111.0,1110.95,1115.46,4469144,498513283975000.0,150186,2148011,0.4806
2018-07-25,RELIANCE,EQ,1110.95,1110.0,1123.0,1104.2,1112.65,1115.15,1116.21,5949680,664109256455000.0,121293,3074960,0.5168
2018-07-26,RELIANCE,EQ,1115.15,1110.1,1121.5,1107.8,1112.1,1110.65,1113.9,6424867,715668584830000.0,131788,4020019,0.6257
2018-07-27,RELIANCE,EQ,1110.65,1119.5,1137.4,1112.15,1128.0,1129.85,1127.43,6679468,753060221935000.0,140124,2217077,0.3319
2018-07-30,RELIANCE,EQ,1129.85,1130.0,1157.3,1128.0,1152.0,1151.4,1143.36,13872467,1586121091215000.0,221335,6108940,0.4404
2018-07-31,RELIANCE,EQ,1151.4,1151.0,1190.4,1147.15,1184.15,1186.0,1171.82,13875377,1625951032880000.0,207197,5751741,0.41450000000000004
2018-08-01,RELIANCE,EQ,1186.0,1190.4,1202.9,1185.4,1188.7,1192.35,1193.58,9704295,1158281634995000.0,174970,3037359,0.313
2018-08-02,RELIANCE,EQ,1192.35,1191.5,1191.5,1165.95,1169.1,1168.35,1174.13,6248975,733711755465000.0,147732,2437701,0.3901
2018-08-03,RELIANCE,EQ,1168.35,1175.0,1183.5,1169.55,1175.4,1176.95,1175.98,6645397,781487353585000.0,155679,3103032,0.4669
2018-08-06,RELIANCE,EQ,1176.95,1176.7,1196.0,1175.35,1194.45,1192.6,1188.86,4016418,477494220495000.0,96976,1410496,0.35119999999999996
2018-08-07,RELIANCE,EQ,1192.6,1194.9,1201.4,1177.0,1184.7,1184.2,1186.35,4059460,481595531535000.06,104725,1487015,0.3663
2018-08-08,RELIANCE,EQ,1184.2,1185.0,1222.5,1185.0,1220.8,1217.7,1204.7,7912437,953211381154999.9,166500,2923306,0.36950000000000005
2018-08-09,RELIANCE,EQ,1217.7,1221.5,1231.7,1212.0,1218.5,1217.95,1221.41,6846928,836292349920000.0,135398,2921760,0.4267
2018-08-10,RELIANCE,EQ,1217.95,1211.0,1215.0,1202.3,1204.0,1204.2,1207.99,3581210,432605084614999.94,97265,1461098,0.408
2018-08-13,RELIANCE,EQ,1204.2,1197.55,1199.95,1182.7,1189.5,1187.7,1191.83,4668159,556367332305000.0,134889,2275557,0.4875
2018-08-14,RELIANCE,EQ,1187.7,1190.0,1217.2,1184.3,1211.9,1210.6,1203.27,5299536,637678674535000.0,107665,1807539,0.3411
2018-08-16,RELIANCE,EQ,1210.6,1203.25,1216.0,1195.5,1200.0,1200.8,1204.69,5982490,720704881810000.0,134533,2599428,0.43450000000000005
2018-08-17,RELIANCE,EQ,1200.8,1209.0,1215.4,1200.05,1202.65,1203.75,1208.89,3830992,463124521360000.06,82052,1369817,0.3576
2018-08-20,RELIANCE,EQ,1203.75,1207.9,1236.8,1207.65,1235.15,1234.9,1227.54,7607036,933792480585000.0,187210,3757248,0.4939
2018-08-21,RELIANCE,EQ,1234.9,1237.25,1251.5,1227.0,1246.7,1247.2,1244.28,7279641,905794173165000.0,145104,3175536,0.4362
2018-08-23,RELIANCE,EQ,1247.2,1246.3,1274.0,1238.4,1266.9,1269.45,1259.12,7968123,1003280369325000.0,170316,3223808,0.4046
2018-08-24,RELIANCE,EQ,1269.45,1265.25,1279.95,1260.05,1277.0,1277.5,1271.78,6652005,845987341465000.0,127779,2081971,0.313
2018-08-27,RELIANCE,EQ,1277.5,1279.4,1295.85,1278.75,1292.0,1291.5,1290.31,5572177,718981865350000.0,122788,2230945,0.4004
2018-08-28,RELIANCE,EQ,1291.5,1296.0,1323.0,1295.0,1322.5,1319.0,1311.31,8694751,1140155215750000.0,179953,2737776,0.3149
2018-08-29,RELIANCE,EQ,1319.0,1316.3,1329.0,1290.2,1293.9,1294.2,1309.99,11077203,1451100606360000.0,188973,5194828,0.469
2018-08-30,RELIANCE,EQ,1294.2,1293.6,1297.15,1270.45,1277.0,1274.45,1278.51,9850042,1259340735740000.0,178483,4318202,0.43840000000000007
2018-08-31,RELIANCE,EQ,1274.45,1270.0,1270.0,1236.6,1238.95,1241.65,1247.15,15305857,1908865788415000.2,283195,9238143,0.6036
2018-09-03,RELIANCE,EQ,1241.65,1245.0,1257.9,1226.05,1228.1,1229.15,1241.4,12200022,1514510627595000.0,210884,5112877,0.4191
2018-09-04,RELIANCE,EQ,1229.15,1235.15,1254.8,1229.0,1245.3,1241.95,1241.44,8838770,1097278066050000.0,201777,2413230,0.273
2018-09-05,RELIANCE,EQ,1241.95,1242.5,1252.65,1208.5,1226.0,1227.0,1230.06,10324923,1270028157260000.0,197839,4149062,0.4018
2018-09-06,RELIANCE,EQ,1227.0,1230.15,1265.7,1225.35,1261.0,1261.4,1245.01,11195043,1393795244960000.0,212381,4006564,0.3579
2018-09-07,RELIANCE,EQ,1261.4,1264.9,1281.35,1254.5,1277.05,1278.6,1272.05,10692787,1360174482585000.0,195122,4693947,0.439
2018-09-10,RELIANCE,EQ,1278.6,1275.0,1277.0,1250.1,1254.4,1255.85,1263.51,7059008,891915648829999.9,158438,2590230,0.3669
2018-09-11,RELIANCE,EQ,1255.85,1259.0,1268.4,1234.25,1236.5,1237.7,1248.31,10874768,1357510809675000.0,158160,2822017,0.2595
2018-09-12,RELIANCE,EQ,1237.7,1251.8,1258.7,1228.85,1251.1,1252.5,1243.62,8065553,1003049834295000.1,173096,2060692,0.2555
2018-09-14,RELIANCE,EQ,1252.5,1259.4,1275.6,1247.65,1252.55,1253.15,1258.4,7878583,991440402135000.0,171172,3669268,0.4657
2018-09-17,RELIANCE,EQ,1253.15,1250.75,1250.75,1221.6,1224.0,1225.9,1232.59,6754086,832504189770000.0,160893,2267155,0.3357
2018-09-18,RELIANCE,EQ,1225.9,1226.0,1239.4,1214.35,1215.4,1217.15,1228.49,7616412,935666402829999.9,157438,2748827,0.36090000000000005
2018-09-19,RELIANCE,EQ,1217.15,1224.0,1224.0,1201.0,1212.95,1210.75,1214.62,11265786,1368360984955000.0,184306,4748466,0.4215
2018-09-21,RELIANCE,EQ,1210.75,1219.0,1237.4,1183.5,1216.2,1217.5,1223.31,19070172,2332877572270000.0,269984,10515967,0.5514
2018-09-24,RELIANCE,EQ,1217.5,1214.45,1239.9,1204.5,1234.55,1232.05,1225.23,10102589,1237801978330000.0,165515,4847608,0.4798
2018-09-25,RELIANCE,EQ,1232.05,1235.5,1245.0,1195.0,1229.75,1230.6,1226.67,9715020,1191712082595000.0,243108,3878485,0.3992
2018-09-26,RELIANCE,EQ,1230.6,1239.0,1253.95,1227.15,1253.5,1251.4,1239.18,6396828,792684639320000.0,136937,2528972,0.39530000000000004
2018-09-27,RELIANCE,EQ,1251.4,1255.0,1263.0,1237.5,1252.05,1253.75,1252.61,10808749,1353918546660000.0,203082,5522509,0.5109
2018-09-28,RELIANCE,EQ,1253.75,1259.9,1271.7,1247.3,1254.35,1257.95,1259.94,11073023,1395136974080000.0,193793,6069287,0.5481
2018-10-01,RELIANCE,EQ,1257.95,1257.7,1257.7,1204.0,1235.6,1231.7,1231.68,7332693,903156208060000.0,186000,2736679,0.37320000000000003
2018-10-03,RELIANCE,EQ,1231.7,1229.5,1239.6,1200.05,1201.2,1205.1,1218.04,7376575,898495781050000.0,200180,3256864,0.4415
2018-10-04,RELIANCE,EQ,1205.1,1189.5,1190.4,1106.0,1108.5,1122.25,1140.4,23212443,2647155695685000.0,456572,8775930,0.37810000000000005
2018-10-05,RELIANCE,EQ,1122.25,1099.5,1115.3,1038.15,1049.0,1048.85,1079.24,21943190,2368186386210000.0,439992,9233066,0.4208
2018-10-08,RELIANCE,EQ,1048.85,1050.0,1117.0,1025.55,1110.0,1109.4,1082.04,24679428,2670418103195000.0,480539,7274941,0.2948
2018-10-09,RELIANCE,EQ,1109.4,1121.65,1123.3,1081.2,1083.0,1090.05,1105.24,10991196,1214788588180000.0,247463,2649182,0.24100000000000002
2018-10-10,RELIANCE,EQ,1090.05,1093.9,1115.85,1084.3,1103.0,1102.1,1101.57,9502176,1046731492595000.1,215681,3098938,0.3261
2018-10-11,RELIANCE,EQ,1102.1,1064.0,1114.75,1043.0,1090.0,1087.8,1086.1,13224172,1436271939905000.0,278072,4793025,0.3624
2018-10-12,RELIANCE,EQ,1087.8,1104.95,1129.0,1101.9,1125.5,1126.55,1121.38,9058536,1015806431285000.0,192795,3444135,0.38020000000000004
2018-10-15,RELIANCE,EQ,1126.55,1129.9,1146.9,1118.15,1137.75,1139.75,1136.88,8871776,1008612897215000.0,200369,3286277,0.3704
2018-10-16,RELIANCE,EQ,1139.75,1146.0,1167.4,1140.0,1166.0,1163.8,1154.23,7478601,863200146145000.1,153398,2436006,0.3257
2018-10-17,RELIANCE,EQ,1163.8,1179.0,1179.35,1140.0,1151.0,1151.3,1166.52,12785646,1491467010305000.0,203752,5683158,0.44450000000000006
2018-10-19,RELIANCE,EQ,1151.3,1100.0,1111.0,1070.25,1100.3,1101.3,1092.05,25421229,2776132383100000.0,526528,11760364,0.4626
2018-10-22,RELIANCE,EQ,1101.3,1110.0,1114.8,1057.35,1063.2,1062.65,1084.3,13165542,1427538033650000.0,324137,5575032,0.42350000000000004
2018-10-23,RELIANCE,EQ,1062.65,1052.75,1064.7,1043.65,1061.7,1054.7,1053.27,10573730,1113700929835000.0,232603,4935700,0.4668
2018-10-24,RELIANCE,EQ,1054.7,1074.9,1075.95,1031.4,1049.0,1045.75,1050.33,13655337,1434254213670000.0,218013,6374934,0.4668
2018-10-25,RELIANCE,EQ,1045.75,1036.0,1040.65,1016.4,1037.8,1030.8,1029.24,14096237,1450842966750000.0,233601,5933721,0.42090000000000005
2018-10-26,RELIANCE,EQ,1030.8,1032.9,1057.0,1022.0,1042.45,1044.9,1043.01,9182613,957751389729999.9,214886,2807996,0.3058
2018-10-29,RELIANCE,EQ,1044.9,1046.0,1093.85,1046.0,1089.0,1087.8,1069.59,7671807,820570090540000.0,169046,2524165,0.329
2018-10-30,RELIANCE,EQ,1087.8,1085.5,1085.5,1052.1,1056.9,1057.0,1065.23,8806701,938112811190000.0,187775,3419851,0.3883
2018-10-31,RELIANCE,EQ,1057.0,1059.0,1065.85,1047.0,1058.2,1061.25,1059.51,16457691,1743702186780000.0,198506,7878322,0.47869999999999996
2018-11-01,RELIANCE,EQ,1061.25,1067.9,1067.9,1050.0,1055.0,1056.25,1059.03,9396027,995064296610000.0,156986,4656665,0.49560000000000004
2018-11-02,RELIANCE,EQ,1056.25,1067.0,1081.0,1063.15,1074.0,1074.9,1072.3,16796200,1801059648300000.0,200419,8445647,0.5028
2018-11-05,RELIANCE,EQ,1074.9,1073.45,1092.7,1065.0,1092.0,1090.3,1081.82,7582518,820291618525000.0,197240,2857717,0.3769
2018-11-06,RELIANCE,EQ,1090.3,1094.0,1112.0,1091.6,1101.75,1104.1,1104.23,8634266,953424397254999.9,156053,2916693,0.33780000000000004
2018-11-07,RELIANCE,EQ,1104.1,1115.0,1115.0,1106.7,1111.4,1110.7,1110.53,1283997,142591409415000.0,34192,440625,0.3432
2018-11-09,RELIANCE,EQ,1110.7,1106.25,1113.8,1085.0,1093.0,1093.45,1101.88,10840462,1194491679525000.0,215120,5841307,0.5388000000000001
2018-11-12,RELIANCE,EQ,1093.45,1097.7,1098.8,1074.55,1076.0,1080.0,1085.52,5801720,629787254245000.0,152590,2645013,0.4559
2018-11-13,RELIANCE,EQ,1080.0,1074.0,1103.0,1070.05,1097.85,1099.45,1090.11,6811598,742536861430000.0,143881,2108908,0.30960000000000004
2018-11-14,RELIANCE,EQ,1099.45,1105.05,1112.65,1085.5,1099.0,1097.95,1098.36,7787530,855348724565000.0,159663,2994850,0.3846
2018-11-15,RELIANCE,EQ,1097.95,1096.95,1103.0,1086.5,1094.7,1096.85,1095.12,6831740,748156545905000.0,163244,2856112,0.4181
2018-11-16,RELIANCE,EQ,1096.85,1097.95,1129.95,1097.1,1125.0,1127.4,1121.66,11031889,1237398231645000.0,255693,5587243,0.5065
2018-11-19,RELIANCE,EQ,1127.4,1132.9,1151.7,1131.0,1149.65,1150.0,1142.86,7308981,835311994640000.0,197374,3592492,0.4915
2018-11-20,RELIANCE,EQ,1150.0,1145.0,1155.9,1130.0,1137.0,1137.4,1143.18,5719901,653890442660000.0,138734,1793839,0.3136
2018-11-21,RELIANCE,EQ,1137.4,1137.5,1145.5,1107.05,1113.25,1112.9,1116.81,7507812,838477664560000.0,178600,3064398,0.4082
2018-11-22,RELIANCE,EQ,1112.9,1114.5,1125.35,1100.1,1100.1,1102.85,1113.39,5792568,644939337935000.0,134718,1519067,0.2622
2018-11-26,RELIANCE,EQ,1102.85,1109.0,1117.5,1097.4,1109.75,1109.75,1107.7,6386556,707441478230000.0,131439,2438737,0.38189999999999996
2018-11-27,RELIANCE,EQ,1109.75,1107.9,1130.0,1105.45,1128.6,1128.2,1121.98,6810228,764095512095000.0,143188,2501285,0.36729999999999996
2018-11-28,RELIANCE,EQ,1128.2,1132.45,1157.75,1126.3,1151.45,1152.65,1144.01,8003964,915657987475000.0,173899,3299967,0.4123
2018-11-29,RELIANCE,EQ,1152.65,1161.0,1179.9,1160.0,1167.8,1168.5,1170.72,12636169,1479341872595000.0,185139,6306144,0.4991
2018-11-30,RELIANCE,EQ,1168.5,1172.3,1186.0,1162.3,1167.1,1167.55,1171.45,10717448,1255496338730000.0,248359,5180738,0.48340000000000005
2018-12-03,RELIANCE,EQ,1167.55,1174.9,1174.9,1148.5,1158.0,1156.45,1158.74,5569578,645371888215000.0,223402,2281565,0.4096
2018-12-04,RELIANCE,EQ,1156.45,1158.0,1158.0,1142.2,1153.1,1152.3,1149.79,5192825,597066201815000.0,138924,2107469,0.4058
2018-12-05,RELIANCE,EQ,1152.3,1143.75,1158.8,1139.3,1158.15,1155.15,1150.35,5819618,669460060985000.0,133704,2225427,0.3824
2018-12-06,RELIANCE,EQ,1155.15,1149.0,1149.0,1118.25,1119.05,1123.65,1136.17,5866108,666492087935000.0,167545,2029327,0.34590000000000004
2018-12-07,RELIANCE,EQ,1123.65,1129.45,1136.95,1108.35,1133.2,1133.8,1124.39,7214078,811146482710000.0,208447,3026361,0.41950000000000004
2018-12-10,RELIANCE,EQ,1133.8,1110.0,1114.3,1083.1,1085.0,1090.25,1091.18,9381544,1023693761475000.0,312176,4443160,0.4736
2018-12-11,RELIANCE,EQ,1090.25,1066.0,1102.1,1055.0,1098.0,1097.55,1079.85,13494665,1457228103315000.0,288585,5185141,0.38420000000000004
2018-12-12,RELIANCE,EQ,1097.55,1099.0,1113.5,1087.75,1110.9,1110.5,1099.51,12605431,1385981372710000.0,207331,5196695,0.4123
2018-12-13,RELIANCE,EQ,1110.5,1128.0,1128.0,1095.05,1105.75,1107.05,1110.87,9297518,1032831750650000.0,191768,3456104,0.37170000000000003
2018-12-14,RELIANCE,EQ,1107.05,1103.1,1114.9,1091.8,1110.0,1112.2,1107.1,7221324,799469482235000.0,194030,2836613,0.39280000000000004
2018-12-17,RELIANCE,EQ,1112.2,1115.95,1133.0,1111.5,1131.65,1129.9,1125.03,5064357,569753714085000.0,123031,1583096,0.31260000000000004
2018-12-18,RELIANCE,EQ,1129.9,1123.3,1139.0,1120.5,1137.75,1136.4,1129.68,5870928,663226567445000.0,112465,1463429,0.2493
2018-12-19,RELIANCE,EQ,1136.4,1141.5,1147.3,1133.2,1134.85,1136.8,1141.63,7368799,841245947500000.0,164405,3731005,0.5063000000000001
2018-12-20,RELIANCE,EQ,1136.8,1121.0,1132.5,1116.15,1129.9,1128.45,1125.05,5764731,648560320115000.0,185769,2014106,0.3494
2018-12-21,RELIANCE,EQ,1128.45,1125.0,1131.25,1096.0,1098.0,1100.2,1109.5,8281941,918880828115000.0,218034,4108319,0.4961
2018-12-24,RELIANCE,EQ,1100.2,1100.9,1103.2,1086.55,1089.3,1089.15,1094.03,4144535,453425681414999.94,117013,1170605,0.2824
2018-12-26,RELIANCE,EQ,1089.15,1085.8,1100.0,1065.65,1099.7,1098.35,1081.5,7210059,779769448380000.0,156049,1909463,0.26480000000000004
2018-12-27,RELIANCE,EQ,1098.35,1107.2,1127.0,1104.0,1118.1,1120.2,1119.69,12478000,1397155390315000.0,216178,4046134,0.3243
2018-12-28,RELIANCE,EQ,1120.2,1125.5,1135.25,1121.2,1125.65,1125.55,1129.79,7666016,866101296075000.0,130793,2256132,0.2943
2018-12-31,RELIANCE,EQ,1125.55,1130.95,1133.85,1116.2,1125.25,1121.25,1122.29,7222817,810606342520000.0,155746,2448969,0.33909999999999996
2019-01-01,RELIANCE,EQ,1121.25,1125.25,1127.3,1110.1,1120.5,1121.0,1119.01,4455850,498612907339999.94,76742,1306898,0.2933
2019-01-02,RELIANCE,EQ,1121.0,1114.5,1127.0,1101.0,1104.35,1106.4,1113.42,7144970,795534240970000.0,147850,2543832,0.35600000000000004
2019-01-03,RELIANCE,EQ,1106.4,1107.5,1114.6,1090.1,1090.3,1092.75,1101.37,7446457,820129165805000.0,231404,2883339,0.3872
2019-01-04,RELIANCE,EQ,1092.75,1097.4,1104.45,1081.1,1099.6,1098.65,1093.06,8465141,925294693720000.1,189220,3496807,0.4131
2019-01-07,RELIANCE,EQ,1098.65,1107.0,1118.45,1101.0,1104.9,1104.75,1110.32,5513559,612183103730000.0,112082,2138247,0.38780000000000003
2019-01-08,RELIANCE,EQ,1104.75,1105.1,1109.95,1096.0,1101.0,1104.65,1103.82,5625153,620915056295000.0,103758,2263675,0.40240000000000004
2019-01-09,RELIANCE,EQ,1104.65,1112.0,1117.0,1098.7,1109.25,1110.75,1110.55,5766805,640432220710000.0,186143,2004031,0.34750000000000003
2019-01-10,RELIANCE,EQ,1110.75,1107.75,1111.0,1103.0,1107.6,1107.5,1106.3,4080283,451402068720000.0,92025,2045495,0.5013000000000001
2019-01-11,RELIANCE,EQ,1107.5,1107.6,1113.8,1088.6,1095.5,1098.05,1099.31,6463903,710584245420000.0,162386,2382676,0.3686
2019-01-14,RELIANCE,EQ,1098.05,1095.0,1100.5,1086.4,1099.0,1096.8,1093.55,4111782,449642616875000.0,97120,1851833,0.4504
2019-01-15,RELIANCE,EQ,1096.8,1105.0,1132.0,1105.0,1130.95,1129.65,1124.77,10062875,1131846936000000.0,187957,4195032,0.4169
2019-01-16,RELIANCE,EQ,1129.65,1135.0,1145.0,1130.35,1136.5,1135.9,1139.05,6382777,727032261905000.0,129953,2077966,0.32560000000000006
2019-01-17,RELIANCE,EQ,1135.9,1144.45,1147.9,1130.0,1133.0,1134.45,1139.3,7487963,853107268650000.0,135936,2511305,0.3354
2019-01-18,RELIANCE,EQ,1134.45,1148.8,1189.9,1135.25,1185.8,1184.35,1162.97,25684142,2987000177885000.0,438550,7341001,0.2858
2019-01-21,RELIANCE,EQ,1184.35,1194.0,1239.95,1188.65,1235.0,1237.7,1222.77,22038534,2694804519835000.0,403702,6427362,0.2916
2019-01-22,RELIANCE,EQ,1237.7,1232.85,1246.95,1219.6,1232.0,1235.15,1234.02,16552819,2042652956150000.0,283673,4373694,0.26420000000000005
2019-01-23,RELIANCE,EQ,1235.15,1233.3,1244.2,1222.0,1224.45,1226.3,1233.79,8829502,1089376227385000.0,142555,3120131,0.35340000000000005
2019-01-24,RELIANCE,EQ,1226.3,1225.0,1253.2,1220.1,1249.0,1247.45,1240.42,13155185,1631800744015000.0,225787,3750294,0.2851
2019-01-25,RELIANCE,EQ,1247.45,1250.45,1264.7,1235.4,1247.1,1246.0,1253.45,8550836,1071804774700000.0,183744,2362577,0.2763
2019-01-28,RELIANCE,EQ,1246.0,1250.5,1255.95,1222.4,1230.5,1229.55,1237.32,8569265,1060295802900000.0,188470,3185043,0.37170000000000003
2019-01-29,RELIANCE,EQ,1229.55,1231.0,1231.65,1201.35,1214.9,1210.65,1212.83,9328866,1131435205955000.0,169968,4553808,0.48810000000000003
2019-01-30,RELIANCE,EQ,1210.65,1215.0,1225.0,1191.1,1195.75,1195.7,1208.06,7846940,947960153125000.0,153142,3095594,0.3945
2019-01-31,RELIANCE,EQ,1195.7,1202.0,1229.7,1201.0,1225.2,1227.15,1220.45,10185347,1243072396300000.0,221969,5218187,0.5123
2019-02-01,RELIANCE,EQ,1227.15,1234.0,1255.0,1227.05,1253.1,1249.95,1240.68,9228965,1145019824240000.0,214121,3715944,0.4026
2019-02-04,RELIANCE,EQ,1249.95,1247.0,1296.95,1242.05,1289.5,1290.9,1269.56,11670570,1481648832225000.0,238268,4215486,0.36119999999999997
2019-02-05,RELIANCE,EQ,1290.9,1292.0,1304.4,1278.6,1288.0,1291.55,1292.06,9362406,1209674945105000.0,188250,3245178,0.34659999999999996
2019-02-06,RELIANCE,EQ,1291.55,1296.25,1317.65,1294.25,1310.55,1310.25,1309.33,9411585,1232286645480000.0,171848,3426503,0.3641
2019-02-07,RELIANCE,EQ,1310.25,1310.25,1321.2,1286.1,1288.0,1290.4,1302.19,9212227,1199603937055000.0,227737,2945960,0.31980000000000003
2019-02-08,RELIANCE,EQ,1290.4,1284.8,1300.5,1272.25,1277.8,1277.7,1282.97,6505502,834636410255000.0,174433,2225628,0.3421
2019-02-11,RELIANCE,EQ,1277.7,1275.9,1276.0,1251.0,1254.5,1253.25,1259.38,7523999,947560907810000.0,154193,4104534,0.5455
2019-02-12,RELIANCE,EQ,1253.25,1251.5,1272.35,1251.5,1255.5,1256.4,1261.8,6399485,807484791590000.0,173602,2638007,0.4122
2019-02-13,RELIANCE,EQ,1256.4,1261.0,1273.95,1235.75,1238.3,1245.95,1258.94,6964042,876731128870000.1,150257,2579211,0.3704
2019-02-14,RELIANCE,EQ,1245.95,1241.0,1241.0,1218.0,1229.1,1224.2,1227.02,6627360,813190074350000.0,138445,2505560,0.37810000000000005
2019-02-15,RELIANCE,EQ,1224.2,1229.75,1249.9,1214.0,1248.1,1244.45,1228.62,9597961,1179225386615000.0,175538,3834033,0.3995
2019-02-18,RELIANCE,EQ,1244.45,1250.0,1252.5,1215.0,1215.65,1220.1,1226.57,9649017,1183516380770000.0,212673,4211189,0.4364
2019-02-19,RELIANCE,EQ,1220.1,1218.0,1239.7,1211.2,1215.6,1216.1,1228.49,6244189,767092665910000.0,149603,1681609,0.2693
2019-02-20,RELIANCE,EQ,1216.1,1223.85,1240.0,1219.0,1235.55,1234.35,1228.29,6298179,773600597715000.0,157634,2060904,0.3272
2019-02-21,RELIANCE,EQ,1234.35,1236.0,1257.8,1229.35,1247.3,1246.9,1246.51,10580178,1318833213690000.0,206387,4866938,0.46
2019-02-22,RELIANCE,EQ,1246.9,1244.6,1245.3,1226.0,1231.7,1232.35,1233.91,8755865,1080398676765000.0,169765,3503955,0.40020000000000006
2019-02-25,RELIANCE,EQ,1232.35,1236.0,1243.0,1220.65,1231.3,1232.3,1232.29,7852528,967659304740000.0,159793,3212379,0.40909999999999996
2019-02-26,RELIANCE,EQ,1232.3,1209.5,1234.8,1206.0,1220.2,1220.25,1221.22,10131050,1237228756965000.0,166251,3886999,0.3837
2019-02-27,RELIANCE,EQ,1220.25,1228.05,1244.9,1209.0,1220.65,1223.5,1227.12,11113182,1363725048945000.0,222847,4163615,0.3747
2019-02-28,RELIANCE,EQ,1223.5,1233.75,1239.85,1226.55,1232.0,1231.05,1233.07,11286916,1391756783735000.0,179607,5923497,0.5247999999999999
2019-03-01,RELIANCE,EQ,1231.05,1237.0,1242.35,1222.25,1225.0,1226.05,1229.08,7922513,973741357010000.0,156673,4129082,0.5212
2019-03-05,RELIANCE,EQ,1226.05,1223.4,1239.8,1218.6,1237.45,1237.65,1229.02,7121509,875250536570000.1,177673,2886956,0.4054
2019-03-06,RELIANCE,EQ,1237.65,1239.8,1273.1,1235.1,1262.0,1264.8,1257.64,12038231,1513971937335000.0,228963,4441001,0.3689
2019-03-07,RELIANCE,EQ,1264.8,1264.0,1279.8,1258.15,1270.0,1270.25,1271.7,8109259,1031257102250000.0,180667,3006231,0.37070000000000003
2019-03-08,RELIANCE,EQ,1270.25,1266.05,1274.45,1262.0,1266.9,1267.1,1267.28,6040052,765445140925000.0,137676,3019726,0.5
2019-03-11,RELIANCE,EQ,1267.1,1270.05,1312.0,1268.0,1309.55,1304.1,1291.98,9718840,1255654104570000.0,176513,4714091,0.485
2019-03-12,RELIANCE,EQ,1304.1,1316.9,1334.0,1314.25,1330.85,1331.35,1324.88,11228736,1487677495130000.0,193657,4678374,0.41659999999999997
2019-03-13,RELIANCE,EQ,1331.35,1337.0,1360.0,1328.1,1349.0,1347.3,1339.1,11236048,1504618576210000.0,219134,4622410,0.4114
2019-03-14,RELIANCE,EQ,1347.3,1349.75,1362.0,1336.1,1339.5,1341.55,1352.38,10402048,1406755629605000.0,280534,5383855,0.5176
2019-03-15,RELIANCE,EQ,1341.55,1345.0,1358.8,1311.2,1323.75,1321.65,1334.04,15893093,2120205454795000.0,212588,9619588,0.6053000000000001
2019-03-18,RELIANCE,EQ,1321.65,1331.0,1357.95,1329.0,1356.5,1350.05,1341.23,10105234,1355346191640000.0,205654,4740899,0.4692
2019-03-19,RELIANCE,EQ,1350.05,1360.0,1380.0,1343.1,1378.0,1376.55,1362.21,9805318,1335690067535000.0,196165,2711171,0.27649999999999997
2019-03-20,RELIANCE,EQ,1376.55,1377.8,1388.0,1364.0,1373.05,1375.45,1376.17,9892823,1361422209005000.0,175117,3410645,0.3448
2019-03-22,RELIANCE,EQ,1375.45,1372.5,1380.9,1336.7,1345.1,1341.75,1359.14,11465112,1558269437475000.0,216597,6045124,0.5273
2019-03-25,RELIANCE,EQ,1341.75,1330.6,1336.85,1316.7,1328.0,1324.45,1325.16,7951992,1053763180310000.0,162927,3661248,0.4604
2019-03-26,RELIANCE,EQ,1324.45,1330.3,1371.6,1330.0,1369.0,1367.25,1353.06,9479288,1282606363590000.0,186909,3250443,0.3429
2019-03-27,RELIANCE,EQ,1367.25,1377.95,1377.95,1344.25,1347.0,1349.25,1360.73,10094174,1373539919080000.0,171701,3394370,0.33630000000000004
2019-03-28,RELIANCE,EQ,1349.25,1350.25,1369.8,1342.8,1362.0,1360.0,1357.34,10482938,1422887989670000.0,178529,4655778,0.4441
2019-03-29,RELIANCE,EQ,1360.0,1370.05,1376.85,1355.1,1363.05,1363.25,1363.56,7699271,1049844588585000.0,136542,3130918,0.4067
2019-04-01,RELIANCE,EQ,1363.25,1370.0,1406.8,1362.55,1391.6,1391.85,1386.73,10098281,1400361462920000.0,239548,3166752,0.3136
2019-04-02,RELIANCE,EQ,1391.85,1398.0,1403.1,1380.1,1388.2,1389.7,1390.35,8012636,1114037375815000.0,168893,2276094,0.2841
2019-04-03,RELIANCE,EQ,1389.7,1392.75,1403.0,1372.0,1374.6,1375.2,1390.2,7849461,1091229574729999.9,169662,2934404,0.3738
2019-04-04,RELIANCE,EQ,1375.2,1379.0,1383.7,1347.25,1354.5,1353.05,1360.64,8375674,1139625616140000.0,177047,2798000,0.33409999999999995
2019-04-05,RELIANCE,EQ,1353.05,1360.95,1363.9,1343.0,1355.85,1353.9,1352.52,6728239,910009031179999.9,131955,2231490,0.33170000000000005
2019-04-08,RELIANCE,EQ,1353.9,1356.0,1357.5,1323.7,1328.0,1329.25,1335.09,8723577,1164673456125000.0,216174,4345575,0.49810000000000004
2019-04-09,RELIANCE,EQ,1329.25,1328.9,1340.7,1321.0,1338.0,1334.45,1330.46,9497621,1263615979065000.0,202524,4554495,0.47950000000000004
2019-04-10,RELIANCE,EQ,1334.45,1337.95,1348.0,1326.5,1331.0,1331.4,1337.99,7612711,1018573075810000.0,152322,3054830,0.40130000000000005
2019-04-11,RELIANCE,EQ,1331.4,1332.95,1353.0,1329.0,1350.0,1346.8,1338.41,5741333,768426551195000.0,139852,2274089,0.3961
2019-04-12,RELIANCE,EQ,1346.8,1350.0,1356.9,1336.65,1340.0,1343.1,1346.08,5919742,796846125085000.0,147697,2037194,0.34409999999999996
2019-04-15,RELIANCE,EQ,1343.1,1345.0,1348.95,1335.0,1339.0,1340.15,1341.32,4245127,569408931150000.0,90689,1497000,0.35259999999999997
2019-04-16,RELIANCE,EQ,1340.15,1345.0,1360.0,1340.0,1345.0,1343.75,1349.7,7936553,1071198143979999.9,199659,4217307,0.5314
2019-04-18,RELIANCE,EQ,1343.75,1375.0,1389.75,1365.0,1386.05,1385.95,1379.51,17960482,2477664548980000.0,337505,6905750,0.38450000000000006
2019-04-22,RELIANCE,EQ,1385.95,1360.0,1367.0,1341.3,1344.0,1345.35,1353.82,10792748,1461142211090000.0,289829,3826256,0.35450000000000004
2019-04-23,RELIANCE,EQ,1345.35,1348.0,1373.0,1346.0,1364.65,1363.85,1362.98,9055300,1234223016905000.0,183025,2687211,0.2968
2019-04-24,RELIANCE,EQ,1363.85,1370.3,1394.8,1366.25,1389.5,1389.5,1379.35,7360887,1015322546810000.0,182147,2800119,0.3804
